{
  "camera_matrix": [
    [
      13574.6160784737,
      0.0,
      334.84807922972493
    ],
    [
      0.0,
      13574.408644505103,
      269.329963373653
    ],
    [
      0.0,
      0.0,
      1.0
    ]
  ],
  "distortion_coefficients": [
    0.06691023922419101,
    -0.015417231102577233,
    0.0020896164718632,
    -0.0005161270073790723,
    0.04146841783175297
  ],
  "reprojection_error": 0.009022527277161569,
  "image_size": [
    600,
    600
  ],
  "num_images": 25,
  "checkerboard_size": [
    7,
    7
  ],
  "square_size_mm": 60.0,
  "errors_per_image": [
    0.0030770131663502096,
    0.0017512399352538953,
    0.01145719000159213,
    0.002330723938430832,
    0.0034364624297081744,
    0.014341479892576387,
    0.01432866034756687,
    0.022609369074211617,
    0.006893719605978539,
    0.0014326848186061213,
    0.003821777097299784,
    0.009535869304462964,
    0.02496343280286406,
    0.006907789763552711,
    0.010998722560452926,
    0.013344356315059312,
    0.0075557275967410836,
    0.006908468373170221,
    0.004810350106886113,
    0.009894568351587819,
    0.0051424423808491,
    0.002500675883863745,
    0.00815586123119512,
    0.00977627231697339,
    0.01958832463380613
  ]
}